{"cameraMode":{"drawMode":0,"name":"Shaded","section":"Shading Mode"},"sceneLighting":false,"audioPlay":false,"sceneViewState":{"showFog":true,"showMaterialUpdate":false,"showSkybox":false,"showFlares":true,"showImageEffects":true,"showParticleSystems":true},"in2DMode":false,"pivot":{"x":-16.9166316986084,"y":-20.489452362060548,"z":0.8296108245849609},"rotation":{"x":0.23133878409862519,"y":-0.7202908992767334,"z":0.282539963722229,"w":0.5897843837738037},"size":30.238574981689454,"orthographic":false}