{"cameraMode":{"drawMode":0,"name":"Shaded","section":"Shading Mode"},"sceneLighting":true,"audioPlay":false,"sceneViewState":{"showFog":true,"showMaterialUpdate":false,"showSkybox":true,"showFlares":true,"showImageEffects":true,"showParticleSystems":true},"in2DMode":false,"pivot":{"x":52.91899108886719,"y":-107.99928283691406,"z":51.50774002075195},"rotation":{"x":-0.3208611309528351,"y":-0.4830668568611145,"z":0.19670110940933228,"w":-0.7907440662384033},"size":81.34534454345703,"orthographic":false}