{"cameraMode":{"drawMode":0,"name":"Shaded","section":"Shading Mode"},"sceneLighting":false,"audioPlay":false,"sceneViewState":{"showFog":true,"showMaterialUpdate":false,"showSkybox":false,"showFlares":true,"showImageEffects":true,"showParticleSystems":true},"in2DMode":false,"pivot":{"x":-2.3400421142578127,"y":-10.621421813964844,"z":147.52352905273438},"rotation":{"x":-0.39678582549095156,"y":-0.265749990940094,"z":0.12119794636964798,"w":-0.8702075481414795},"size":19.357837677001954,"orthographic":false}