{"cameraMode":{"drawMode":0,"name":"Shaded","section":"Shading Mode"},"sceneLighting":false,"audioPlay":false,"sceneViewState":{"showFog":true,"showMaterialUpdate":false,"showSkybox":false,"showFlares":true,"showImageEffects":true,"showParticleSystems":true},"in2DMode":false,"pivot":{"x":-4.139381408691406,"y":-23.037778854370118,"z":-44.488800048828128},"rotation":{"x":-0.04085710272192955,"y":-0.9582960605621338,"z":0.21964144706726075,"w":-0.17823787033557893},"size":36.53207015991211,"orthographic":false}