{"cameraMode":{"drawMode":0,"name":"Shaded","section":"Shading Mode"},"sceneLighting":true,"audioPlay":false,"sceneViewState":{"showFog":true,"showMaterialUpdate":false,"showSkybox":true,"showFlares":true,"showImageEffects":true,"showParticleSystems":true},"in2DMode":false,"pivot":{"x":-788.5857543945313,"y":-581.739990234375,"z":53.67106246948242},"rotation":{"x":-0.2274414449930191,"y":0.6611566543579102,"z":-0.2211824655532837,"w":-0.6799916625022888},"size":559.310302734375,"orthographic":false}