{"cameraMode":{"drawMode":0,"name":"Shaded","section":"Shading Mode"},"sceneLighting":true,"audioPlay":false,"sceneViewState":{"showFog":true,"showMaterialUpdate":false,"showSkybox":true,"showFlares":true,"showImageEffects":true,"showParticleSystems":true},"in2DMode":false,"pivot":{"x":-49.2371826171875,"y":-90.13652801513672,"z":35.215145111083987},"rotation":{"x":0.45195314288139346,"y":-0.539184033870697,"z":0.4319359064102173,"w":0.5643919706344605},"size":71.24748992919922,"orthographic":false}