{"cameraMode":{"drawMode":0,"name":"Shaded","section":"Shading Mode"},"sceneLighting":true,"audioPlay":false,"sceneViewState":{"showFog":true,"showMaterialUpdate":false,"showSkybox":true,"showFlares":true,"showImageEffects":true,"showParticleSystems":true},"in2DMode":false,"pivot":{"x":-66.41398620605469,"y":-24.319658279418947,"z":79.16465759277344},"rotation":{"x":0.3758598864078522,"y":-0.1831994205713272,"z":0.07514044642448425,"w":0.9054303765296936},"size":27.221467971801759,"orthographic":false}