{"cameraMode":{"drawMode":0,"name":"Shaded","section":"Shading Mode"},"sceneLighting":true,"audioPlay":false,"sceneViewState":{"showFog":true,"showMaterialUpdate":false,"showSkybox":false,"showFlares":true,"showImageEffects":true,"showParticleSystems":true},"in2DMode":false,"pivot":{"x":5.221038818359375,"y":2.4707095623016359,"z":-0.4272260367870331},"rotation":{"x":-0.044394683092832568,"y":0.8038716316223145,"z":-0.06074747070670128,"w":-0.5901438593864441},"size":2.3320508003234865,"orthographic":false}