{"cameraMode":{"drawMode":0,"name":"Shaded","section":"Shading Mode"},"sceneLighting":false,"audioPlay":false,"sceneViewState":{"showFog":true,"showMaterialUpdate":false,"showSkybox":false,"showFlares":true,"showImageEffects":true,"showParticleSystems":true},"in2DMode":false,"pivot":{"x":66.09417724609375,"y":8.427314758300782,"z":57.10163497924805},"rotation":{"x":0.22847330570220948,"y":-0.6550432443618774,"z":0.21802733838558198,"w":0.6864299774169922},"size":5.598214149475098,"orthographic":false}