{"cameraMode":{"drawMode":0,"name":"Shaded","section":"Shading Mode"},"sceneLighting":false,"audioPlay":false,"sceneViewState":{"showFog":true,"showMaterialUpdate":false,"showSkybox":false,"showFlares":true,"showImageEffects":true,"showParticleSystems":true},"in2DMode":false,"pivot":{"x":-13.922595977783204,"y":-19.566001892089845,"z":98.65495300292969},"rotation":{"x":0.053553130477666858,"y":0.9161282777786255,"z":-0.3752950131893158,"w":0.13059566915035249},"size":29.098970413208009,"orthographic":false}