{"cameraMode":{"drawMode":0,"name":"Shaded","section":"Shading Mode"},"sceneLighting":false,"audioPlay":false,"sceneViewState":{"showFog":true,"showMaterialUpdate":false,"showSkybox":false,"showFlares":true,"showImageEffects":true,"showParticleSystems":true},"in2DMode":false,"pivot":{"x":61.41814041137695,"y":8.535348892211914,"z":64.21841430664063},"rotation":{"x":0.09925323724746704,"y":-0.9006933569908142,"z":0.29379919171333315,"w":0.30428004264831545},"size":5.598214149475098,"orthographic":false}