{"cameraMode":{"drawMode":0,"name":"Shaded","section":"Shading Mode"},"sceneLighting":false,"audioPlay":false,"sceneViewState":{"showFog":true,"showMaterialUpdate":false,"showSkybox":false,"showFlares":true,"showImageEffects":true,"showParticleSystems":true},"in2DMode":false,"pivot":{"x":-67.40182495117188,"y":0.31206226348876955,"z":93.78560638427735},"rotation":{"x":0.22710305452346803,"y":-0.4517119228839874,"z":0.12010028213262558,"w":0.8544254302978516},"size":13.502754211425782,"orthographic":false}