{"cameraMode":{"drawMode":0,"name":"Shaded","section":"Shading Mode"},"sceneLighting":true,"audioPlay":false,"sceneViewState":{"showFog":true,"showMaterialUpdate":false,"showSkybox":true,"showFlares":true,"showImageEffects":true,"showParticleSystems":true},"in2DMode":false,"pivot":{"x":-67.83154296875,"y":-5.237236022949219,"z":16.072004318237306},"rotation":{"x":-0.2411128580570221,"y":0.5680835247039795,"z":-0.1787325143814087,"w":-0.7664027214050293},"size":59.540504455566409,"orthographic":false}