{"cameraMode":{"drawMode":0,"name":"Shaded","section":"Shading Mode"},"sceneLighting":true,"audioPlay":false,"sceneViewState":{"showFog":true,"showMaterialUpdate":false,"showSkybox":true,"showFlares":true,"showImageEffects":true,"showParticleSystems":true},"in2DMode":false,"pivot":{"x":50.57441711425781,"y":-8.299299240112305,"z":57.03729248046875},"rotation":{"x":-0.028358150273561479,"y":-0.8952199816703796,"z":0.4411233365535736,"w":-0.05862956494092941},"size":19.85213851928711,"orthographic":false}