{"cameraMode":{"drawMode":0,"name":"Shaded","section":"Shading Mode"},"sceneLighting":false,"audioPlay":false,"sceneViewState":{"showFog":true,"showMaterialUpdate":false,"showSkybox":false,"showFlares":true,"showImageEffects":true,"showParticleSystems":true},"in2DMode":false,"pivot":{"x":-19.64186668395996,"y":-13.997783660888672,"z":27.574357986450197},"rotation":{"x":0.24774324893951417,"y":-0.5383729338645935,"z":0.16938427090644837,"w":0.7874630689620972},"size":20.67053985595703,"orthographic":false}