{"cameraMode":{"drawMode":0,"name":"Shaded","section":"Shading Mode"},"sceneLighting":true,"audioPlay":false,"sceneViewState":{"showFog":true,"showMaterialUpdate":false,"showSkybox":true,"showFlares":true,"showImageEffects":true,"showParticleSystems":true},"in2DMode":false,"pivot":{"x":-5.578941345214844,"y":2.4057693481445314,"z":6.122982501983643},"rotation":{"x":-0.0572831816971302,"y":0.7511093616485596,"z":-0.06574398279190064,"w":-0.6543992757797241},"size":9.096630096435547,"orthographic":false}