{"cameraMode":{"drawMode":0,"name":"Shaded","section":"Shading Mode"},"sceneLighting":true,"audioPlay":false,"sceneViewState":{"showFog":true,"showMaterialUpdate":false,"showSkybox":true,"showFlares":true,"showImageEffects":true,"showParticleSystems":true},"in2DMode":false,"pivot":{"x":-17.397808074951173,"y":-22.903820037841798,"z":18.536109924316408},"rotation":{"x":0.3074001669883728,"y":-0.29929792881011965,"z":0.10251689702272415,"w":0.8974535465240479},"size":27.754596710205079,"orthographic":false}