{"cameraMode":{"drawMode":0,"name":"Shaded","section":"Shading Mode"},"sceneLighting":false,"audioPlay":false,"sceneViewState":{"showFog":true,"showMaterialUpdate":false,"showSkybox":false,"showFlares":true,"showImageEffects":true,"showParticleSystems":true},"in2DMode":false,"pivot":{"x":-52.84148025512695,"y":-29.915706634521486,"z":133.9299774169922},"rotation":{"x":-0.33083343505859377,"y":0.6554750204086304,"z":-0.3905506134033203,"w":-0.5553675293922424},"size":29.098970413208009,"orthographic":false}