{"cameraMode":{"drawMode":0,"name":"Shaded","section":"Shading Mode"},"sceneLighting":false,"audioPlay":false,"sceneViewState":{"showFog":true,"showMaterialUpdate":false,"showSkybox":false,"showFlares":true,"showImageEffects":true,"showParticleSystems":true},"in2DMode":false,"pivot":{"x":-14.717850685119629,"y":-32.533138275146487,"z":80.04361724853516},"rotation":{"x":-0.07709254324436188,"y":0.8700854778289795,"z":-0.46500492095947268,"w":-0.14435143768787385},"size":58.776371002197269,"orthographic":false}