{"cameraMode":{"drawMode":0,"name":"Shaded","section":"Shading Mode"},"sceneLighting":false,"audioPlay":false,"sceneViewState":{"showFog":true,"showMaterialUpdate":false,"showSkybox":false,"showFlares":true,"showImageEffects":true,"showParticleSystems":true},"in2DMode":false,"pivot":{"x":-64.47462463378906,"y":-6.98298978805542,"z":75.0843505859375},"rotation":{"x":0.24714617431163789,"y":-0.7353823184967041,"z":0.3433706760406494,"w":0.5294463634490967},"size":13.502754211425782,"orthographic":false}