{"cameraMode":{"drawMode":0,"name":"Shaded","section":"Shading Mode"},"sceneLighting":false,"audioPlay":false,"sceneViewState":{"showFog":true,"showMaterialUpdate":false,"showSkybox":false,"showFlares":true,"showImageEffects":true,"showParticleSystems":true},"in2DMode":false,"pivot":{"x":-19.644821166992189,"y":2.446744918823242,"z":140.60374450683595},"rotation":{"x":-0.04195268452167511,"y":0.7837600111961365,"z":-0.0532110333442688,"w":-0.6173676252365112},"size":3.4003686904907228,"orthographic":false}