{"cameraMode":{"drawMode":0,"name":"Shaded","section":"Shading Mode"},"sceneLighting":true,"audioPlay":false,"sceneViewState":{"showFog":true,"showMaterialUpdate":false,"showSkybox":true,"showFlares":true,"showImageEffects":true,"showParticleSystems":true},"in2DMode":false,"pivot":{"x":-7.463080406188965,"y":-0.040929198265075687,"z":5.989406108856201},"rotation":{"x":-0.0668715313076973,"y":0.4570167362689972,"z":-0.03448236733675003,"w":-0.8862739205360413},"size":6.579923152923584,"orthographic":false}